# release	module	version	build date (library banners; names, versions, dates only)
R0.40 Release.4	GDC	0.51	Apr 30 1998
R0.40 Release.4	GDFS	0.45	Mar 27 1998
R0.40 Release.4	GDFS	0.49	May 26 1998
R4	GDC	0.51	Apr 30 1998
R4	GDFS	0.49	May 26 1998
R4	GDFS	0.50	Jun 01 1998
R1.0b2	ADXF	5.18	Oct 03 1998 01:28:21
R1.0b2	AIP	0.62	Sep 14 1998 16:18:43
R1.0b2	GDC	0.64a	Aug 20 1998
R1.0b2	GDC	1.01	Sep 30 1998
R1.0b2	GDFS	0.53	Aug 28 1998
R1.0b2	GDFS	1.00	Sep 28 1998
R1.0b2	Local	1.24	Sep 30 1998
R1.0b2	MPS	1.00	Sep 30 1998
R1.0b2	MPV	0.02	Jan 06 1998
R1.0b2	MPV	1.00	Sep 30 1998
R1.0b2	MWGSC	0.90	Sep 18 1998
R1.0b2	MWPLY	0.57	Aug 28 1998
R1.0b2	MWPLY	0.90	Sep 26 1998
R1.0b2	MWRNA	1.00	Sep 30 1998
R1.0b2	MWSJ	0.90	Sep 18 1998
R1.0b2	MWSJ_MEM	0.90	Sep 18 1998
R1.0b2	MWSJ_RBF	0.90	Sep 18 1998
R1.0b2	Ninja	00060058	Sep 05 1998 03:13:52
R1.0b2	Ninja	00060058	Sep 05 1998 04:51:06
R1.0b2	Ninja	00060058	Sep 07 1998 22:27:08
R1.0b2	Ninja	00060059	Sep 17 1998 22:59:07
R1.0b2	Ninja	00060060	Sep 29 1998 11:42:28
R1.0b2	Ninja	00060060	Sep 30 1998 17:47:14
R1.0b2	Ninja	00060062	Oct 05 1998 14:34:05
R1.0b2	PMC	1.10	Jun 04 1998
R1.0b2	SFD	1.00	Sep 30 1998
R1.0b2	Shinobi	0.70b	Sep 09 1998 13:18:46
R1.0b2	Shinobi	1.01	Sep 30 1998 19:32:16
R1.0b2	Shinobi	1.03	Oct 01 1998 16:58:06
R1.0b2	bu	1.07BTR	Sep 26 1998 23:18:12
R1.0b2	bu	1.10	Sep 29 1998 13:37:59
R1.0b2	fmMng	0.55	Sep 11 1998 18:52:10
R1.0b2	fmMng	1.00	Sep 29 1998 14:42:44
R1.0b2	gdFs	0.53	Sep 07 1998 13:48:56
R1.0b2	gdFs	0.54	Sep 15 1998 17:47:44
R1.0b2	gdFs	1.00	Sep 28 1998 19:43:45
R1.0b2	kd	1.17	Sep 07 1998 11:53:12
R1.0b2	kd	1.21	Sep 24 1998 21:32:40
R1.0b2	mwGsc	1.00	Sep 30 1998 23:37:04
R1.0b2	mwMng	1.00	Sep 30 1998 23:33:54
R1.0b2	mwPly	1.00	Sep 30 1998 23:33:42
R1.0b2	mwRna	1.00	Sep 30 1998 13:46:45
R1.0b2	mwSfd	1.00	Oct 01 1998 15:44:27
R1.0b2	mwSj	0.90	Sep 30 1998 23:34:22
R1.0b2	mwWav	1.00	Sep 29 1998 19:03:15
R1.0b2	nw	00060070	Sep 07 1998 11:53:24
R1.0b2	pd	1.07	Sep 07 1998 11:53:37
R1.0b2	pdLcd	1.01	Sep 07 1998 11:53:36
R1.0b2	pdLcd	1.01	Sep 11 1998 23:34:43
R1.0b2	pdTmr	1.03	Sep 22 1998 22:56:09
R1.0b2	sd	0.57.01	Sep 11 1998 17:03:37
R1.0b2	sd	1.00.02	Oct 01 1998 06:19:44
R1.0b2	syBt	1.00	Sep 28 1998 14:49:03
R1.0b2	syBtCfg	1.00	Sep 29 1998 15:00:47
R1.0b2	syBtFnt	1.00	Sep 29 1998 16:09:15
R1.0b2	syCache	0.70	Sep 07 1998 13:46:29
R1.0b2	syCache	1.01	Sep 28 1998 22:22:21
R1.0b2	syCache	1.03	Sep 30 1998 18:03:31
R1.0b2	syCbl	0.51	Sep 29 1998 12:27:52
R1.0b2	syCbl	1.00	Sep 29 1998 13:22:53
R1.0b2	syCfg	1.00	Sep 28 1998 14:59:49
R1.0b2	syChain	0.70	Sep 07 1998 13:43:17
R1.0b2	syChain	1.00	Sep 16 1998 14:34:01
R1.0b2	syChain	1.01	Oct 01 1998 16:37:03
R1.0b2	syCp	1.00	Sep 16 1998 14:36:55
R1.0b2	syDma	0.70	Sep 07 1998 13:43:54
R1.0b2	syDma	1.00	Sep 16 1998 14:37:09
R1.0b2	syFbr	0.10	Sep 22 1998 00:19:17
R1.0b2	syFbr	1.00	Sep 29 1998 15:10:08
R1.0b2	syG2	0.52.08	Sep 11 1998 17:02:48
R1.0b2	syG2	1.00.00	Sep 29 1998 13:53:59
R1.0b2	syHw	1.01	Sep 07 1998 11:53:40
R1.0b2	syInt	0.70	Sep 07 1998 13:44:40
R1.0b2	syInt	1.00	Sep 16 1998 14:37:57
R1.0b2	syMalloc	0.70	Sep 07 1998 13:44:58
R1.0b2	syMalloc	1.00	Sep 16 1998 14:48:33
R1.0b2	syMalloc	1.01	Sep 17 1998 19:49:50
R1.0b2	syMmu	1.00	Sep 16 1998 14:37:26
R1.0b2	syRtc	0.43	Sep 07 1998 12:51:46
R1.0b2	syRtc	1.00	Sep 28 1998 05:02:55
R1.0b2	syRtc	1.00	Sep 28 1998 05:10:44
R1.0b2	sySq	0.70	Sep 07 1998 13:45:46
R1.0b2	sySq	1.00	Sep 16 1998 14:38:15
R1.0b2	syStart	0.61	Sep 04 1998 22:03:22
R1.0b2	syStart	1.01	Sep 30 1998 17:05:11
R1.0b2	syStart	1.01	Sep 30 1998 17:05:14
R1.0b2	syTmr	0.94	Sep 07 1998 13:52:40
R1.0b2	syTmr	1.00	Sep 25 1998 12:34:18
R1.0b2	wav	1.00	Sep 29 1998 19:03:04
R1.00J	ADXF	5.18	Oct 03 1998 01:28:21
R1.00J	AIP	0.62	Sep 14 1998 16:18:43
R1.00J	GDC	0.64a	Aug 20 1998
R1.00J	GDC	1.01	Sep 30 1998
R1.00J	GDFS	0.53	Aug 28 1998
R1.00J	GDFS	1.01	Oct 12 1998
R1.00J	Local	1.24	Sep 30 1998
R1.00J	MPS	1.01	Oct 14 1998
R1.00J	MPV	0.02	Jan 06 1998
R1.00J	MPV	1.01	Oct 14 1998
R1.00J	MWRNA	1.01	Oct 14 1998
R1.00J	MWSJ_MEM	0.90	Sep 18 1998
R1.00J	MWSJ_RBF	0.90	Sep 18 1998
R1.00J	Ninja	00050063	Oct 07 1998 20:39:24
R1.00J	Ninja	00060058	Sep 07 1998 22:27:08
R1.00J	Ninja	00060060	Sep 30 1998 14:46:43
R1.00J	Ninja	00060060	Sep 30 1998 17:47:14
R1.00J	Ninja	00060063	Oct 06 1998 19:54:23
R1.00J	Ninja	00060064	Oct 13 1998 16:07:20
R1.00J	PMC	1.10	Jun 04 1998
R1.00J	SFD	1.01	Oct 14 1998
R1.00J	Shinobi	0.70b	Sep 09 1998 13:18:46
R1.00J	Shinobi	1.01	Sep 30 1998 19:32:16
R1.00J	Shinobi	1.05	Oct 03 1998 22:00:42
R1.00J	Shinobi	1.08	Oct 13 1998 20:55:44
R1.00J	bu	1.07BTR	Sep 26 1998 23:18:12
R1.00J	bu	1.10	Sep 29 1998 13:37:59
R1.00J	fmMng	1.00	Sep 29 1998 14:42:44
R1.00J	fmMng	1.01	Oct 01 1998 12:28:29
R1.00J	fmMng	1.01	Oct 12 1998 19:03:00
R1.00J	gdFs	0.53	Sep 07 1998 13:48:56
R1.00J	gdFs	1.00	Sep 28 1998 19:43:45
R1.00J	gdFs	1.01	Oct 12 1998 13:54:14
R1.00J	kd	1.17	Sep 07 1998 11:53:12
R1.00J	kd	1.21	Sep 24 1998 21:32:40
R1.00J	kd	1.22	Oct 09 1998 18:30:34
R1.00J	mwGsc	1.01	Oct 14 1998 17:44:39
R1.00J	mwMng	1.01	Oct 14 1998 17:45:22
R1.00J	mwPly	1.01	Oct 14 1998 17:45:23
R1.00J	mwRna	1.01	Oct 14 1998 18:26:38
R1.00J	mwRnv	1.01	Oct 14 1998 17:46:36
R1.00J	mwSfd	1.01	Oct 15 1998 12:08:50
R1.00J	mwSj	1.01	Oct 14 1998 17:46:10
R1.00J	mwWav	1.01	Oct 15 1998 09:53:02
R1.00J	mwWav	1.02	Oct 16 1998 12:02:57
R1.00J	nw	00060070	Sep 07 1998 11:53:24
R1.00J	pd	1.07	Sep 07 1998 11:53:37
R1.00J	pdLcd	1.01	Sep 07 1998 11:53:36
R1.00J	pdLcd	1.01	Sep 11 1998 23:34:43
R1.00J	pdTmr	1.03	Sep 22 1998 22:56:09
R1.00J	pdVib	0.20	Oct 08 1998 18:46:58
R1.00J	sd	0.57.01	Sep 11 1998 17:03:37
R1.00J	sd	1.00.04	Oct 13 1998 19:22:49
R1.00J	syBt	1.01	Oct 09 1998 14:31:23
R1.00J	syBtCfg	1.00	Sep 29 1998 15:00:47
R1.00J	syBtFnt	1.00	Sep 29 1998 16:09:15
R1.00J	syCache	0.70	Sep 07 1998 13:46:29
R1.00J	syCache	1.03	Sep 30 1998 18:03:31
R1.00J	syCache	1.04	Oct 03 1998 21:58:40
R1.00J	syCbl	1.00	Sep 29 1998 13:22:53
R1.00J	syCfg	1.00	Sep 28 1998 14:59:49
R1.00J	syChain	0.70	Sep 07 1998 13:43:17
R1.00J	syChain	1.00	Sep 16 1998 14:34:01
R1.00J	syChain	1.01	Oct 01 1998 16:37:03
R1.00J	syCp	1.00	Sep 16 1998 14:36:55
R1.00J	syDma	0.70	Sep 07 1998 13:43:54
R1.00J	syDma	1.00	Sep 16 1998 14:37:09
R1.00J	syFbr	1.00	Sep 29 1998 15:10:08
R1.00J	syG2	0.52.08	Sep 11 1998 17:02:48
R1.00J	syG2	1.00.00	Sep 29 1998 13:53:59
R1.00J	syG2	1.01.00	Oct 12 1998 05:48:41
R1.00J	syHw	1.01	Sep 07 1998 11:53:40
R1.00J	syHw	1.02	Oct 08 1998 11:45:07
R1.00J	syInt	0.70	Sep 07 1998 13:44:40
R1.00J	syInt	1.00	Sep 16 1998 14:37:57
R1.00J	syInt	1.01	Oct 02 1998 22:27:32
R1.00J	syInt	1.02	Oct 08 1998 19:31:47
R1.00J	syMalloc	0.70	Sep 07 1998 13:44:58
R1.00J	syMalloc	1.00	Sep 16 1998 14:48:33
R1.00J	syMalloc	1.01	Sep 17 1998 19:49:50
R1.00J	syMmu	1.00	Sep 16 1998 14:37:26
R1.00J	syRtc	0.43	Sep 07 1998 12:51:46
R1.00J	syRtc	1.00	Sep 28 1998 05:02:55
R1.00J	syRtc	1.00	Sep 28 1998 05:10:44
R1.00J	sySq	0.70	Sep 07 1998 13:45:46
R1.00J	sySq	1.00	Sep 16 1998 14:38:15
R1.00J	syStart	0.61	Sep 04 1998 22:03:22
R1.00J	syStart	1.00	Sep 28 1998 10:47:50
R1.00J	syStart	1.01	Sep 30 1998 17:05:11
R1.00J	syStart	1.01	Sep 30 1998 17:05:14
R1.00J	syTmr	0.94	Sep 07 1998 13:52:40
R1.00J	syTmr	1.00	Sep 25 1998 12:34:18
R1.00J	wav	1.01	Oct 14 1998 17:02:34
R1.00J	wav	1.01	Oct 16 1998 12:02:42
R1.42J	ADXF	5.52	Apr 23 1999 14:38:48
R1.42J	ADXT	5.55	Apr 23 1999 21:20:58
R1.42J	AIP	0.62	Sep 14 1998 16:18:43
R1.42J	AIP	1.01	Dec 01 1998 14:08:29
R1.42J	AIP	1.03	Jan 21 1999 17:12:59
R1.42J	AIP	1.05	Mar 03 1999 14:45:25
R1.42J	AIPf	1.05	Mar 03 1999 15:52:43
R1.42J	CRI SFD	1.12	Mar 08 1999 14:11:47
R1.42J	GDC	0.64a	Aug 20 1998
R1.42J	GDC	1.01	Sep 30 1998
R1.42J	GDFS	1.06	Jan 21 1999
R1.42J	IPMaker	1.01	Mar 21 1999 14:49:36
R1.42J	KAMUI	1.06	Feb 25 1999 19:11:51
R1.42J	MPS	1.12	Mar 08 1999
R1.42J	MPV	1.12	Mar 08 1999
R1.42J	MWGSC	1.12	Mar 09 1999
R1.42J	Nindows	00060070.32	Nov 12 1998 13:57:27
R1.42J	Nindows	01000074	Mar 02 1999 20:53:52
R1.42J	Ninja	00060060	Sep 30 1998 14:46:43
R1.42J	Ninja	01000081	Mar 04 1999 15:07:38
R1.42J	Ninja	01000086	Apr 09 1999 19:34:49
R1.42J	Ninja	0x01000071	Nov 20 1998 14:01:56
R1.42J	SFA	5.55	Apr 23 1999 21:21:02
R1.42J	SFD	1.12	Mar 08 1999
R1.42J	SJ	5.45	Mar 16 1999 20:32:02
R1.42J	Shinobi	1.25	Nov 05 1998 19:20:11
R1.42J	Shinobi	1.41	Mar 03 1999 16:59:28
R1.42J	Shinobi	1.42	Apr 02 1999 15:16:40
R1.42J	bu	1.07BTR	Sep 26 1998 23:18:12
R1.42J	bu	1.13	Oct 28 1998 01:15:09
R1.42J	bu	1.44	Mar 02 1999 20:54:01
R1.42J	fmMng	1.00	Sep 29 1998 14:42:44
R1.42J	fmMng	1.03	Mar 03 1999 15:43:57
R1.42J	gdFs	1.00	Sep 28 1998 19:43:45
R1.42J	gdFs	1.02	Oct 27 1998 15:24:27
R1.42J	gdFs	1.07	Mar 03 1999 15:41:47
R1.42J	kd	1.21	Sep 24 1998 21:32:40
R1.42J	kd	1.23	Nov 05 1998 18:35:15
R1.42J	kd	1.45	Mar 02 1999 20:53:33
R1.42J	mpa	1.01	Mar 16 1999 15:50:54
R1.42J	mwGsc	1.12	Mar 09 1999 17:09:57
R1.42J	mwMng	1.23	Mar 11 1999 22:49:27
R1.42J	mwPla	1.02	Mar 16 1999 17:39:19
R1.42J	mwPly	1.23	Mar 11 1999 22:49:28
R1.42J	mwRna	1.20	Apr 13 1999 17:30:27
R1.42J	mwRnv	1.26	Mar 16 1999 20:28:15
R1.42J	mwSfd	1.28	Apr 24 1999 00:58:24
R1.42J	mwTM	1.00	Mar 11 1999 20:10:41
R1.42J	pd	1.07	Sep 07 1998 11:53:37
R1.42J	pd	1.46	Mar 03 1999 11:01:47
R1.42J	pdLcd	1.01	Sep 07 1998 11:53:36
R1.42J	pdLcd	1.01	Sep 11 1998 23:34:43
R1.42J	pdLcd	1.03	Mar 02 1999 20:54:11
R1.42J	pdTmr	1.03	Sep 22 1998 22:56:09
R1.42J	pdTmr	1.05	Mar 02 1999 20:54:15
R1.42J	pdVib	1.01	Mar 02 1999 21:20:29
R1.42J	sd	0.57.01	Sep 11 1998 17:03:37
R1.42J	sd	1.00.07	Oct 28 1998 18:04:08
R1.42J	sd	1.00.18	Apr 05 1999 19:59:31
R1.42J	syBt	1.04	Mar 01 1999 11:57:40
R1.42J	syBtCfg	1.00	Sep 29 1998 15:00:47
R1.42J	syBtCfg	1.02	Mar 03 1999 15:44:22
R1.42J	syBtFnt	1.02	Mar 02 1999 18:50:17
R1.42J	syCache	1.03	Sep 30 1998 18:03:31
R1.42J	syCache	1.05	Nov 05 1998 18:21:53
R1.42J	syCache	1.35	Mar 03 1999 10:47:24
R1.42J	syCbl	1.00	Sep 29 1998 13:22:53
R1.42J	syCbl	1.10	Mar 02 1999 18:43:53
R1.42J	syCfg	1.14	Mar 31 1999 22:17:33
R1.42J	syChain	1.01	Oct 01 1998 16:37:03
R1.42J	syChain	1.35	Mar 03 1999 10:47:40
R1.42J	syCp	1.00	Sep 16 1998 14:36:55
R1.42J	syDma	1.00	Sep 16 1998 14:37:09
R1.42J	syFbr	1.11	Mar 01 1999 12:00:19
R1.42J	syG2	0.52.08	Sep 11 1998 17:02:48
R1.42J	syG2	1.01.00	Oct 12 1998 05:48:41
R1.42J	syG2	1.01.02	Mar 03 1999 14:58:36
R1.42J	syHw	1.02	Oct 08 1998 11:45:07
R1.42J	syHw	1.03	Oct 30 1998 12:20:48
R1.42J	syHw	1.06	Mar 02 1999 20:54:17
R1.42J	syInt	1.02	Oct 08 1998 19:31:47
R1.42J	syInt	1.03	Oct 30 1998 11:07:49
R1.42J	syInt	1.35	Mar 03 1999 10:48:18
R1.42J	syMalloc	1.00	Sep 16 1998 14:48:33
R1.42J	syMalloc	1.01	Sep 17 1998 19:49:50
R1.42J	syMalloc	1.35	Mar 03 1999 10:48:43
R1.42J	syMmu	1.35	Mar 03 1999 10:48:57
R1.42J	syRtc	1.00	Sep 28 1998 05:02:55
R1.42J	syRtc	1.00	Sep 28 1998 05:10:44
R1.42J	syRtc	1.02	Mar 02 1999 19:03:33
R1.42J	sySq	1.00	Sep 16 1998 14:38:15
R1.42J	sySq	1.35	Mar 03 1999 10:49:28
R1.42J	syStart	1.04	Nov 25 1998 10:56:49
R1.42J	syStart	1.07	Mar 02 1999 18:01:20
R1.42J	syStart	1.07	Mar 02 1999 18:01:22
R1.42J	syTmr	1.00	Sep 25 1998 12:34:18
R1.42J	syTmr	1.03	Mar 01 1999 18:07:27
R1.42J	syWssip	1.01	Mar 02 1999 20:11:42
R1.42J	uf	1.05	Mar 01 1999 12:03:58
R1.42J	wav	1.10	Mar 10 1999 18:01:04
Release 8 (Europe)	ADXF	5.42	Dec 08 1998 11:19:38
Release 8 (Europe)	ADXF	5.52	Apr 23 1999 14:38:48
Release 8 (Europe)	ADXT	5.42	Dec 08 1998 14:37:02
Release 8 (Europe)	ADXT	5.42	Dec 08 1998 20:42:53
Release 8 (Europe)	ADXT	5.55	Apr 23 1999 21:20:58
Release 8 (Europe)	AIP	0.62	Sep 14 1998 16:18:43
Release 8 (Europe)	AIP	1.01	Dec 01 1998 14:08:29
Release 8 (Europe)	AIP	1.03	Jan 21 1999 17:12:59
Release 8 (Europe)	AIP	1.05	Mar 03 1999 14:45:25
Release 8 (Europe)	AIPf	1.04	Jan 21 1999 17:16:22
Release 8 (Europe)	AIPf	1.05	Mar 03 1999 15:52:43
Release 8 (Europe)	CRI SFD	1.12	Mar 08 1999 14:11:47
Release 8 (Europe)	CRI_SFD	1.04	Dec 04 1998 19:14:17
Release 8 (Europe)	GDC	0.64a	Aug 20 1998
Release 8 (Europe)	GDC	1.01	Sep 30 1998
Release 8 (Europe)	GDFS	1.06	Jan 21 1999
Release 8 (Europe)	KAMUI	1.06	Feb 25 1999 19:11:51
Release 8 (Europe)	Local	1.33	Nov 20 1998
Release 8 (Europe)	MPS	1.04	Dec 04 1998
Release 8 (Europe)	MPS	1.12	Mar 08 1999
Release 8 (Europe)	MPV	0.02	Jan 06 1998
Release 8 (Europe)	MPV	1.04	Dec 04 1998
Release 8 (Europe)	MPV	1.12	Mar 08 1999
Release 8 (Europe)	MWGSC	1.11	Dec 02 1998
Release 8 (Europe)	MWGSC	1.12	Mar 09 1999
Release 8 (Europe)	MWRNA	1.01	Oct 14 1998
Release 8 (Europe)	MWRNA	1.07	Nov 25 1998
Release 8 (Europe)	MWSJ	1.10	Nov 10 1998
Release 8 (Europe)	MWSJ_RBF	0.90	Sep 18 1998
Release 8 (Europe)	Nindows	01000074	Mar 02 1999 20:53:52
Release 8 (Europe)	Nindows	0x01000072	Nov 30 1998 17:42:53
Release 8 (Europe)	Ninja	00060060	Sep 30 1998 14:46:43
Release 8 (Europe)	Ninja	00060064	Oct 13 1998 16:07:20
Release 8 (Europe)	Ninja	01000074	Dec 17 1998 16:02:53
Release 8 (Europe)	Ninja	01000086	Apr 09 1999 19:34:49
Release 8 (Europe)	Ninja	0x01000071	Nov 20 1998 14:01:56
Release 8 (Europe)	PMC	1.10	Jun 04 1998
Release 8 (Europe)	SFA	5.42	Dec 08 1998 14:37:15
Release 8 (Europe)	SFA	5.42	Dec 08 1998 20:43:02
Release 8 (Europe)	SFA	5.55	Apr 23 1999 21:21:02
Release 8 (Europe)	SFD	1.04	Dec 04 1998
Release 8 (Europe)	SFD	1.12	Mar 08 1999
Release 8 (Europe)	SJ	5.42	Dec 08 1998 12:18:26
Release 8 (Europe)	SJ	5.45	Mar 16 1999 20:32:02
Release 8 (Europe)	Shinobi	1.08	Oct 13 1998 20:55:44
Release 8 (Europe)	Shinobi	1.23uchi	Nov 26 1998 18:43:53
Release 8 (Europe)	Shinobi	1.34	Dec 04 1998 14:44:40
Release 8 (Europe)	Shinobi	1.42	Apr 02 1999 15:16:40
Release 8 (Europe)	bu	1.07BTR	Sep 26 1998 23:18:12
Release 8 (Europe)	bu	1.14	Nov 25 1998 10:46:21
Release 8 (Europe)	bu	1.44	Mar 02 1999 20:54:01
Release 8 (Europe)	fmMng	1.00	Sep 29 1998 14:42:44
Release 8 (Europe)	fmMng	1.02	Nov 27 1998 21:17:22
Release 8 (Europe)	fmMng	1.03	Mar 03 1999 15:43:57
Release 8 (Europe)	gdFs	1.00	Sep 28 1998 19:43:45
Release 8 (Europe)	gdFs	1.01	Oct 12 1998 13:54:14
Release 8 (Europe)	gdFs	1.02	Oct 27 1998 15:24:27
Release 8 (Europe)	gdFs	1.05	Dec 02 1998 19:06:55
Release 8 (Europe)	gdFs	1.07	Mar 03 1999 15:41:47
Release 8 (Europe)	kd	1.21	Sep 24 1998 21:32:40
Release 8 (Europe)	kd	1.22	Oct 09 1998 18:30:34
Release 8 (Europe)	kd	1.24	Nov 25 1998 10:46:00
Release 8 (Europe)	kd	1.45	Mar 02 1999 20:53:33
Release 8 (Europe)	mpa	1.01	Mar 16 1999 15:50:54
Release 8 (Europe)	mwGsc	1.01	Oct 14 1998 17:44:39
Release 8 (Europe)	mwGsc	1.11	Dec 08 1998 14:54:10
Release 8 (Europe)	mwGsc	1.12	Mar 09 1999 17:09:57
Release 8 (Europe)	mwMng	1.01	Oct 14 1998 17:45:22
Release 8 (Europe)	mwMng	1.10	Dec 08 1998 15:29:32
Release 8 (Europe)	mwMng	1.23	Mar 11 1999 22:49:27
Release 8 (Europe)	mwPla	1.02	Mar 16 1999 17:39:19
Release 8 (Europe)	mwPly	1.01	Oct 14 1998 17:45:23
Release 8 (Europe)	mwPly	1.10	Dec 08 1998 15:29:33
Release 8 (Europe)	mwPly	1.23	Mar 11 1999 22:49:28
Release 8 (Europe)	mwRna	1.01	Oct 14 1998 17:27:20
Release 8 (Europe)	mwRna	1.07	Dec 07 1998 21:00:13
Release 8 (Europe)	mwRna	1.20	Apr 13 1999 17:30:27
Release 8 (Europe)	mwRnv	1.10	Dec 08 1998 20:19:40
Release 8 (Europe)	mwRnv	1.26	Mar 16 1999 20:28:15
Release 8 (Europe)	mwSfd	1.10	Dec 08 1998 21:29:38
Release 8 (Europe)	mwSfd	1.28	Apr 24 1999 00:58:24
Release 8 (Europe)	mwSj	1.10	Dec 08 1998 15:02:37
Release 8 (Europe)	mwTM	1.00	Mar 09 1999 09:15:24
Release 8 (Europe)	mwTM	1.00	Mar 11 1999 20:10:41
Release 8 (Europe)	mwWav	1.01	Oct 14 1998 17:02:45
Release 8 (Europe)	mwWav	1.05	Dec 08 1998 22:12:03
Release 8 (Europe)	pd	1.07	Sep 07 1998 11:53:37
Release 8 (Europe)	pd	1.08	Nov 26 1998 18:43:44
Release 8 (Europe)	pd	1.09	Dec 01 1998 17:10:32
Release 8 (Europe)	pd	1.46	Mar 03 1999 11:01:47
Release 8 (Europe)	pdLcd	1.01	Sep 11 1998 23:34:43
Release 8 (Europe)	pdLcd	1.02	Nov 25 1998 10:46:29
Release 8 (Europe)	pdLcd	1.03	Mar 02 1999 20:54:11
Release 8 (Europe)	pdTmr	1.03	Sep 22 1998 22:56:09
Release 8 (Europe)	pdTmr	1.04	Nov 25 1998 10:46:32
Release 8 (Europe)	pdTmr	1.05	Mar 02 1999 20:54:15
Release 8 (Europe)	pdVib	1.00	Nov 26 1998 14:39:56
Release 8 (Europe)	pdVib	1.01	Mar 02 1999 21:20:29
Release 8 (Europe)	sd	0.57.01	Sep 11 1998 17:03:37
Release 8 (Europe)	sd	1.00.04	Oct 13 1998 19:22:49
Release 8 (Europe)	sd	1.00.07	Oct 28 1998 18:04:08
Release 8 (Europe)	sd	1.00.15	Nov 26 1998 23:23:23
Release 8 (Europe)	sd	1.00.18	Apr 05 1999 19:59:31
Release 8 (Europe)	syBt	1.01	Oct 09 1998 14:31:23
Release 8 (Europe)	syBt	1.03	Nov 24 1998 20:10:38
Release 8 (Europe)	syBt	1.04	Mar 01 1999 11:57:40
Release 8 (Europe)	syBtCfg	1.00	Sep 29 1998 15:00:47
Release 8 (Europe)	syBtCfg	1.01	Nov 27 1998 21:21:40
Release 8 (Europe)	syBtCfg	1.02	Mar 03 1999 15:44:22
Release 8 (Europe)	syBtFnt	1.00	Sep 29 1998 16:09:15
Release 8 (Europe)	syBtFnt	1.02	Mar 02 1999 18:50:17
Release 8 (Europe)	syBtFnt	1.02	Nov 25 1998 15:21:49
Release 8 (Europe)	syCache	1.03	Sep 30 1998 18:03:31
Release 8 (Europe)	syCache	1.04	Oct 03 1998 21:58:40
Release 8 (Europe)	syCache	1.07	Nov 26 1998 22:22:06
Release 8 (Europe)	syCache	1.35	Mar 03 1999 10:47:24
Release 8 (Europe)	syCbl	1.00	Sep 29 1998 13:22:53
Release 8 (Europe)	syCbl	1.10	Mar 02 1999 18:43:53
Release 8 (Europe)	syCbl	1.10	Nov 30 1998 15:10:32
Release 8 (Europe)	syCfg	1.11	Dec 01 1998 20:04:56
Release 8 (Europe)	syCfg	1.14	Mar 31 1999 22:17:33
Release 8 (Europe)	syChain	1.01	Oct 01 1998 16:37:03
Release 8 (Europe)	syChain	1.03	Nov 26 1998 22:22:42
Release 8 (Europe)	syChain	1.35	Mar 03 1999 10:47:40
Release 8 (Europe)	syDds	1.00	Mar 19 1999 10:45:01
Release 8 (Europe)	syFbr	1.10	Nov 24 1998 20:11:15
Release 8 (Europe)	syFbr	1.11	Mar 01 1999 12:00:19
Release 8 (Europe)	syG2	0.52.08	Sep 11 1998 17:02:48
Release 8 (Europe)	syG2	1.01.00	Oct 12 1998 05:48:41
Release 8 (Europe)	syG2	1.01.01	Nov 27 1998 01:47:35
Release 8 (Europe)	syG2	1.01.02	Mar 03 1999 14:58:36
Release 8 (Europe)	syHw	1.02	Oct 08 1998 11:45:07
Release 8 (Europe)	syHw	1.04	Nov 25 1998 10:46:34
Release 8 (Europe)	syHw	1.06	Mar 02 1999 20:54:17
Release 8 (Europe)	syInt	1.02	Oct 08 1998 19:31:47
Release 8 (Europe)	syInt	1.03	Oct 30 1998 11:07:49
Release 8 (Europe)	syInt	1.05	Nov 26 1998 22:34:35
Release 8 (Europe)	syInt	1.35	Mar 03 1999 10:48:18
Release 8 (Europe)	syMalloc	1.00	Sep 16 1998 14:48:33
Release 8 (Europe)	syMalloc	1.01	Sep 17 1998 19:49:50
Release 8 (Europe)	syMalloc	1.05	Dec 04 1998 12:08:35
Release 8 (Europe)	syMalloc	1.35	Mar 03 1999 10:48:43
Release 8 (Europe)	syMmu	1.02	Nov 26 1998 22:24:02
Release 8 (Europe)	syMmu	1.35	Mar 03 1999 10:48:57
Release 8 (Europe)	syRtc	1.00	Sep 28 1998 05:02:55
Release 8 (Europe)	syRtc	1.00	Sep 28 1998 05:10:44
Release 8 (Europe)	syRtc	1.02	Mar 02 1999 19:03:33
Release 8 (Europe)	syRtc	1.02	Nov 25 1998 15:35:02
Release 8 (Europe)	sySq	1.00	Sep 16 1998 14:38:15
Release 8 (Europe)	sySq	1.02	Nov 26 1998 22:35:12
Release 8 (Europe)	sySq	1.35	Mar 03 1999 10:49:28
Release 8 (Europe)	syStart	1.01	Sep 30 1998 17:05:11
Release 8 (Europe)	syStart	1.02	Oct 26 1998 19:51:11
Release 8 (Europe)	syStart	1.04	Nov 25 1998 10:56:49
Release 8 (Europe)	syStart	1.04	Nov 25 1998 10:56:52
Release 8 (Europe)	syStart	1.07	Mar 02 1999 18:01:20
Release 8 (Europe)	syStart	1.07	Mar 02 1999 18:01:22
Release 8 (Europe)	syTmr	1.00	Sep 25 1998 12:34:18
Release 8 (Europe)	syTmr	1.02	Nov 25 1998 11:41:00
Release 8 (Europe)	syTmr	1.03	Mar 01 1999 18:07:27
Release 8 (Europe)	syWssip	1.01	Mar 02 1999 20:11:42
Release 8 (Europe)	uf	1.05	Mar 01 1999 12:03:58
Release 8 (Europe)	wav	1.01	Oct 14 1998 17:02:34
Release 8 (Europe)	wav	1.02	Dec 04 1998 18:27:32
Release 8 (Europe)	wav	1.10	Mar 10 1999 18:01:04
R1.55J	ADXF	5.53	Jun 07 1999 11:44:16
R1.55J	ADXT	5.58	Jun 10 1999 11:38:47
R1.55J	ADXT	5.59B	Jun 14 1999 22:27:05
R1.55J	AIP	0.62	Sep 14 1998 16:18:43
R1.55J	AIP	1.01	Dec 01 1998 14:08:29
R1.55J	AIP	1.03	Jan 21 1999 17:12:59
R1.55J	AIP	1.05	Mar 03 1999 14:45:25
R1.55J	AIP	1.06	Apr 09 1999 11:10:38
R1.55J	AIP	1.07	Apr 27 1999 14:00:30
R1.55J	AIPf	1.05	Mar 03 1999 15:52:43
R1.55J	AIPf	1.07	Apr 27 1999 14:21:40
R1.55J	CRI DCT	1.17	Jun 07 1999 15:06:02
R1.55J	CRI SFD	1.14	Jun 02 1999 20:29:06
R1.55J	GDC	0.64a	Aug 20 1998
R1.55J	GDC	1.10	Mar 31 1999
R1.55J	GDFS	1.06	Jan 21 1999
R1.55J	IPMaker	1.04	Jul 21 1999 19:30:59
R1.55J	KAMUI	1.06	Feb 25 1999 19:11:51
R1.55J	KAMUI	1.07	Apr 15 1999 14:54:10
R1.55J	KAMUI	1.08	Apr 23 1999 14:57:13
R1.55J	KAMUI	1.09	Jun 08 1999 17:54:25
R1.55J	KAMUI	1.10	Jul 02 1999 10:22:41
R1.55J	KAMUI	1.10.0.0	Jul 22 1999 20:36:26
R1.55J	KMUTIL	1.0.0.0	Jul 22 1999 20:36:57
R1.55J	Local	1.34	Apr 14 1999
R1.55J	MPS	1.14	Jun 02 1999
R1.55J	MPV	0.02	Jan 06 1998
R1.55J	MPV	1.14	Jun 02 1999
R1.55J	MWGSC	1.30	Mar 09 1999
R1.55J	Nindows	00060070.32	Nov 12 1998 13:57:27
R1.55J	Nindows	01000074	Mar 02 1999 20:53:52
R1.55J	Nindows	01000078	Jul 05 1999 19:57:20
R1.55J	Ninja	00060060	Sep 30 1998 14:46:43
R1.55J	Ninja	01000076	Jan 22 1999 17:59:55
R1.55J	Ninja	01000081	Mar 04 1999 15:07:38
R1.55J	Ninja	01000086	Apr 09 1999 19:34:49
R1.55J	Ninja	01000089	May 04 1999 14:20:47
R1.55J	Ninja	01000089	May 24 1999 15:45:21
R1.55J	Ninja	01100095	Jun 21 1999 14:23:36
R1.55J	Ninja	01100096	Jun 22 1999 14:18:10
R1.55J	Ninja	01100098	Jul 14 1999 11:48:55
R1.55J	Ninja	01100100	Jul 28 1999 12:47:36
R1.55J	Ninja	0x00060068	Nov 04 1998 17:17:49
R1.55J	Ninja	0x01000071	Nov 20 1998 14:01:56
R1.55J	SFA	5.58	Jun 10 1999 11:38:50
R1.55J	SFA	5.59B	Jun 14 1999 22:27:09
R1.55J	SFD	1.14	Jun 02 1999
R1.55J	SJ	5.50	Jun 10 1999 18:21:01
R1.55J	Shinobi	1.23uchi	Nov 26 1998 18:43:53
R1.55J	Shinobi	1.25	Nov 05 1998 19:20:11
R1.55J	Shinobi	1.37	Feb 05 1999 13:27:32
R1.55J	Shinobi	1.41	Mar 03 1999 16:59:28
R1.55J	Shinobi	1.42	Apr 02 1999 15:16:40
R1.55J	Shinobi	1.50	Apr 09 1999 11:26:17
R1.55J	Shinobi	1.57	Jun 17 1999 14:41:46
R1.55J	Shinobi	1.59	Jul 06 1999 11:31:52
R1.55J	Shinobi	1.60	Jul 08 1999 14:24:54
R1.55J	Shinobi	1.61	Jul 23 1999 14:38:41
R1.55J	bu	1.07BTR	Sep 26 1998 23:18:12
R1.55J	bu	1.13	Oct 28 1998 01:15:09
R1.55J	bu	1.14	Nov 25 1998 10:46:21
R1.55J	bu	1.47	May 25 1999 17:27:29
R1.55J	dlsd	01.00	Jun 01 1999 11:27:58
R1.55J	fmMng	1.00	Sep 29 1998 14:42:44
R1.55J	fmMng	1.01	Oct 12 1998 19:03:00
R1.55J	fmMng	1.03	Mar 03 1999 15:43:57
R1.55J	fmMng	1.04	Apr 26 1999 14:34:41
R1.55J	gdFs	1.02	Oct 27 1998 15:24:27
R1.55J	gdFs	1.06a	Jan 05 1999 23:29:16
R1.55J	gdFs	1.07	Mar 03 1999 15:41:47
R1.55J	gdFs	1.08	Apr 26 1999 14:29:58
R1.55J	kd	1.23	Nov 05 1998 18:35:15
R1.55J	kd	1.24	Nov 25 1998 10:46:00
R1.55J	kd	1.45	Mar 02 1999 20:53:33
R1.55J	kd	1.46	Apr 26 1999 16:54:53
R1.55J	kd	1.47	Jun 28 1999 12:05:20
R1.55J	kd	1.48	Jul 08 1999 13:56:26
R1.55J	misc	1.00	May 28 1999 17:25:51
R1.55J	modem	1.013	Apr 02 1999 19:04:03
R1.55J	mpa	1.02	Jun 01 1999 11:24:28
R1.55J	mwGsc	1.30	Jun 10 1999 19:20:57
R1.55J	mwMng	1.30	Jun 10 1999 20:26:03
R1.55J	mwPla	1.03	Jun 03 1999 18:04:59
R1.55J	mwPly	1.30	Jun 10 1999 20:26:04
R1.55J	mwRna	1.23	Jun 04 1999 20:47:18
R1.55J	mwRnv	1.30	Jun 10 1999 18:15:13
R1.55J	mwSfd	1.30	Jun 10 1999 20:33:34
R1.55J	mwTM	1.01	Jun 11 1999 12:15:02
R1.55J	ntAsk	1.00	Mar 09 1999 11:45:22
R1.55J	ntDic	1.00	Mar 09 1999 11:48:55
R1.55J	ntInf	2.00	Mar 31 1999 14:13:50
R1.55J	ntMdm	2.00	Jul 13 1999 21:06:29
R1.55J	ntUtl	1.01	Mar 15 1999 18:36:07
R1.55J	ov	1.00	Apr 23 1999 22:13:01
R1.55J	pd	1.07	Sep 07 1998 11:53:37
R1.55J	pd	1.08	Nov 26 1998 18:43:44
R1.55J	pd	1.09a	Feb 04 1999 22:18:22
R1.55J	pd	1.46	Mar 03 1999 11:01:47
R1.55J	pd	1.50	Jun 17 1999 10:27:56
R1.55J	pdKbd	1.51	Jun 17 1999 10:27:57
R1.55J	pdLcd	1.01	Sep 07 1998 11:53:36
R1.55J	pdLcd	1.02	Nov 25 1998 10:46:29
R1.55J	pdLcd	1.03	Mar 02 1999 20:54:11
R1.55J	pdLcd	1.04	Apr 26 1999 16:55:25
R1.55J	pdTmr	1.04	Nov 25 1998 10:46:32
R1.55J	pdTmr	1.05	Mar 02 1999 20:54:15
R1.55J	pdTmr	1.06	Apr 26 1999 16:55:29
R1.55J	pdVib	1.02	Apr 26 1999 16:55:32
R1.55J	s7Scsi	1.00	Apr 01 1999 15:46:28
R1.55J	s7Tgt	0.90	Jun 01 1999 16:33:39
R1.55J	sd	1.00.07	Oct 28 1998 18:04:08
R1.55J	sd	1.00.17	Mar 03 1999 15:10:38
R1.55J	sd	1.00.24	Jun 30 1999 03:55:27
R1.55J	sd	2.00.02	Jun 08 1999 12:37:39
R1.55J	sd	2.00.03	Jun 29 1999 06:01:53
R1.55J	syBt	1.01	Oct 09 1998 14:31:23
R1.55J	syBt	1.03	Nov 24 1998 20:10:38
R1.55J	syBt	1.04	Mar 01 1999 11:57:40
R1.55J	syBt	1.06	May 26 1999 13:59:55
R1.55J	syBtCfg	1.02	Mar 03 1999 15:44:22
R1.55J	syBtCfg	1.03	Apr 26 1999 14:36:52
R1.55J	syBtFnt	1.00	Sep 29 1998 16:09:15
R1.55J	syBtFnt	1.02	May 31 1999 09:01:19
R1.55J	syCache	1.04	Oct 03 1998 21:58:40
R1.55J	syCache	1.05	Nov 05 1998 18:21:53
R1.55J	syCache	1.07	Nov 26 1998 22:22:06
R1.55J	syCache	1.35	Mar 03 1999 10:47:24
R1.55J	syCache	1.51	Jun 02 1999 20:39:31
R1.55J	syCache	1.52	Jul 22 1999 18:55:18
R1.55J	syCbl	1.00	Sep 29 1998 13:22:53
R1.55J	syCbl	1.10	Apr 27 1999 13:54:09
R1.55J	syCbl	1.10	Mar 02 1999 18:43:53
R1.55J	syCbl	1.10	Nov 30 1998 15:10:32
R1.55J	syCfg	1.15	Apr 26 1999 14:38:59
R1.55J	syChain	1.01	Oct 01 1998 16:37:03
R1.55J	syChain	1.03	Nov 26 1998 22:22:42
R1.55J	syChain	1.35	Mar 03 1999 10:47:40
R1.55J	syChain	1.50	May 31 1999 16:35:21
R1.55J	syCp	1.00	Sep 16 1998 14:36:55
R1.55J	syDma	1.00	Sep 16 1998 14:37:09
R1.55J	syExtInt	1.01	Jun 16 1999 11:48:21
R1.55J	syFbr	1.13	Jun 11 1999 21:40:19
R1.55J	syG2	1.01.00	Oct 12 1998 05:48:41
R1.55J	syG2	1.01.01	Nov 27 1998 01:47:35
R1.55J	syG2	1.01.02	Mar 03 1999 14:58:36
R1.55J	syG2	1.01.06	Apr 28 1999 01:16:23
R1.55J	syG2	1.01.06	Jun 29 1999 06:27:08
R1.55J	syG2	1.01.08	Jul 08 1999 11:40:40
R1.55J	syHw	1.03	Oct 30 1998 12:20:48
R1.55J	syHw	1.04	Nov 25 1998 10:46:34
R1.55J	syHw	1.05	Feb 01 1999 18:32:32
R1.55J	syHw	1.06	Mar 02 1999 20:54:17
R1.55J	syHw	1.07	Apr 26 1999 16:55:31
R1.55J	syInt	1.02	Oct 08 1998 19:31:47
R1.55J	syInt	1.03	Oct 30 1998 11:07:49
R1.55J	syInt	1.05	Nov 26 1998 22:34:35
R1.55J	syInt	1.35	Mar 03 1999 10:48:18
R1.55J	syInt	1.36	Apr 09 1999 10:31:53
R1.55J	syInt	1.50	May 31 1999 16:38:10
R1.55J	syMalloc	1.01	Sep 17 1998 19:49:50
R1.55J	syMalloc	1.05	Dec 04 1998 12:08:35
R1.55J	syMalloc	1.35	Mar 03 1999 10:48:43
R1.55J	syMalloc	1.50	May 31 1999 16:39:06
R1.55J	syMmu	1.50	May 31 1999 16:25:13
R1.55J	syRtc	1.00	Sep 28 1998 05:02:55
R1.55J	syRtc	1.00	Sep 28 1998 05:10:44
R1.55J	syRtc	1.02	Mar 02 1999 19:03:33
R1.55J	syRtc	1.02	May 31 1999 09:05:20
R1.55J	syRtc	1.02	Nov 25 1998 15:35:02
R1.55J	sySq	1.00	Sep 16 1998 14:38:15
R1.55J	sySq	1.02	Nov 26 1998 22:35:12
R1.55J	sySq	1.35	Mar 03 1999 10:49:28
R1.55J	sySq	1.50	May 31 1999 16:26:00
R1.55J	sySrtOv	0.50	Jul 11 1999 17:01:34
R1.55J	syStart	1.02	Oct 26 1998 19:51:11
R1.55J	syStart	1.04	Nov 25 1998 10:56:49
R1.55J	syStart	1.07	Mar 02 1999 18:01:20
R1.55J	syStart	1.12	Apr 23 1999 13:57:43
R1.55J	syStart	1.13	Jul 01 1999 11:49:08
R1.55J	syStart	1.13	Jun 01 1999 15:57:47
R1.55J	syStartCpp	1.13	Jun 01 1999 15:58:06
R1.55J	syTmr	1.00	Sep 25 1998 12:34:18
R1.55J	syTmr	1.02	Nov 25 1998 11:41:00
R1.55J	syTmr	1.03	Mar 01 1999 18:07:27
R1.55J	syTmr	1.04	Apr 26 1999 14:43:51
R1.55J	syWssip	1.04	Jun 28 1999 16:52:13
R1.55J	uf	1.08	Jul 06 1999 11:22:40
R1.55J	wav	1.11	Jun 01 1999 11:29:17
Network 1.04	AIP	1.07	Apr 27 1999 14:00:30
Network 1.04	KAMUI	1.09	Jun 08 1999 17:54:25
Network 1.04	Ninja	01100096	Jun 22 1999 14:18:10
Network 1.04	Shinobi	1.61	Jul 23 1999 14:38:41
Network 1.04	gdFs	1.08	Apr 26 1999 14:29:58
Network 1.04	kd	1.48	Jul 08 1999 13:56:26
Network 1.04	mdmAPI	3.00	Oct 15 1999 12:23:02
Network 1.04	ntAsk	1.00	Mar 09 1999 11:45:22
Network 1.04	ntAsk	1.00	Oct 28 1999 21:16:08
Network 1.04	ntDic	1.00	Mar 09 1999 11:48:55
Network 1.04	ntDns	1.00	Mar 16 1999 19:17:25
Network 1.04	ntInf	2.00	Mar 31 1999 14:13:50
Network 1.04	ntIrc	1.00	Mar 16 1999 19:17:49
Network 1.04	ntMal	1.00	Mar 16 1999 19:31:04
Network 1.04	ntPpp	1.00	Oct 22 1999 11:00:34
Network 1.04	ntSoc	1.02	Mar 04 1999 10:29:11
Network 1.04	ntSup	1.00	Sep 08 1999 16:05:42
Network 1.04	ntTcp	1.00	Sep 21 1999 21:11:25
Network 1.04	ntUtl	1.01	Mar 15 1999 18:36:07
Network 1.04	ov	1.00	Apr 23 1999 22:13:01
Network 1.04	pd	1.50	Jun 17 1999 10:27:56
Network 1.04	pdKbd	1.51	Jun 17 1999 10:27:57
Network 1.04	syBtFnt	1.02	May 31 1999 09:01:19
Network 1.04	syCache	1.52	Jul 22 1999 18:55:18
Network 1.04	syCbl	1.10	Apr 27 1999 13:54:09
Network 1.04	syChain	1.50	May 31 1999 16:35:21
Network 1.04	syG2	1.01.08	Jul 08 1999 11:40:40
Network 1.04	syHw	1.07	Apr 26 1999 16:55:31
Network 1.04	syInt	1.50	May 31 1999 16:38:10
Network 1.04	syMalloc	1.50	May 31 1999 16:39:06
Network 1.04	syMmu	1.50	May 31 1999 16:25:13
Network 1.04	sySq	1.50	May 31 1999 16:26:00
Network 1.04	syStart	1.13	Jun 01 1999 15:57:47
Network 1.04	syTmr	1.04	Apr 26 1999 14:43:51
R9	ADXENC	1.00	Aug 26 1999 12:36:35
R9	ADXF	5.53	Jun 07 1999 11:44:16
R9	ADXT	5.58	Jun 10 1999 11:38:47
R9	ADXT	5.59B	Jun 14 1999 22:27:05
R9	ADXT	5.66	Aug 26 1999 12:36:27
R9	AIP	1.01	Dec 01 1998 14:08:29
R9	AIP	1.03	Jan 21 1999 17:12:59
R9	AIP	1.07	Apr 27 1999 14:00:30
R9	AIPf	1.05	Mar 03 1999 15:52:43
R9	AIPf	1.07	Apr 27 1999 14:21:40
R9	Audio64	8.2b8	Oct 12 1999 15:15:03
R9	Audio64	9.0.b.3	Nov 01 1999 14:19:38
R9	CRI DCT	1.17	Jun 07 1999 15:06:02
R9	CRI SFD	1.14	Jun 02 1999 20:29:06
R9	CRI SFD	1.21	Jul 22 1999 21:21:05
R9	GDC	0.64a	Aug 20 1998
R9	GDC	1.10	Mar 31 1999
R9	GDFS	1.06	Jan 21 1999
R9	Ginsu	5.25	Sep 20 1999 14:55:34
R9	IPMaker	1.04	Jul 21 1999 19:30:59
R9	KAMUI	1.06	Feb 25 1999 19:11:51
R9	KAMUI	1.09	Jun 08 1999 17:54:25
R9	KAMUI	1.10.0.0	Jul 22 1999 20:36:26
R9	KMUTIL	1.0.0.0	Jul 22 1999 20:36:57
R9	MAIGO	1.103	Sep 01 1999 14:00:00
R9	MPS	1.14	Jun 02 1999
R9	MPS	1.21	Jul 22 1999
R9	MPV	1.14	Jun 02 1999
R9	MPV	1.21	Jul 22 1999
R9	MWGSC	1.30	Mar 09 1999
R9	Nindows	01000078	Jul 05 1999 19:57:20
R9	Ninja	00060060	Sep 30 1998 14:46:43
R9	Ninja	01000081	Mar 04 1999 15:07:38
R9	Ninja	01100096	Jun 22 1999 14:18:10
R9	Ninja	01100100	Jul 28 1999 12:47:36
R9	SFA	5.58	Jun 10 1999 11:38:50
R9	SFA	5.59B	Jun 14 1999 22:27:09
R9	SFA	5.66	Aug 26 1999 12:36:31
R9	SFD	1.14	Jun 02 1999
R9	SFD	1.21	Jul 22 1999
R9	SJ	5.50	Jun 10 1999 18:21:01
R9	Shinobi	1.41	Mar 03 1999 16:59:28
R9	Shinobi	1.43	Jul 23 1999 16:13:51
R9	Shinobi	1.61	Jul 23 1999 14:38:41
R9	bu	1.07BTR	Sep 26 1998 23:18:12
R9	bu	1.44	Mar 02 1999 20:54:01
R9	bu	1.47	May 25 1999 17:27:29
R9	bu	1.47DP	Aug 03 1999 14:20:40
R9	dlsd	01.00	Jun 01 1999 11:27:58
R9	fmMng	1.00	Sep 29 1998 14:42:44
R9	fmMng	1.03	Mar 03 1999 15:43:57
R9	fmMng	1.04	Apr 26 1999 14:34:41
R9	gdFs	1.07	Mar 03 1999 15:41:47
R9	gdFs	1.08	Apr 26 1999 14:29:58
R9	kd	1.45	Mar 02 1999 20:53:33
R9	kd	1.48	Jul 08 1999 13:56:26
R9	misc	1.00	May 28 1999 17:25:51
R9	modem	1.013	May 21 1999 11:51:58
R9	mpa	1.02	Jun 01 1999 11:24:28
R9	mwGsc	1.30	Jun 10 1999 19:20:57
R9	mwMng	1.30	Jun 10 1999 20:26:03
R9	mwMng	2.00	Aug 26 1999 12:29:16
R9	mwPla	1.03	Jun 03 1999 18:04:59
R9	mwPly	1.30	Jun 10 1999 20:26:04
R9	mwPly	2.01	Aug 26 1999 12:29:16
R9	mwRna	1.23	Jun 04 1999 20:47:18
R9	mwRna	1.26	Aug 25 1999 21:46:53
R9	mwRnv	1.30	Jun 10 1999 18:15:13
R9	mwRnv2	2.09	Aug 31 1999 14:36:09
R9	mwRnv2	2.09km2	Aug 31 1999 14:36:14
R9	mwSfd	1.30	Jun 10 1999 20:33:34
R9	mwSfd	2.18	Aug 31 1999 17:50:01
R9	mwTM	1.01	Jun 11 1999 12:15:02
R9	ntInf	2.00	Mar 31 1999 14:13:50
R9	ntUtl	1.01	Mar 15 1999 18:36:07
R9	ov	1.00	Apr 23 1999 22:13:01
R9	pd	1.46	Mar 03 1999 11:01:47
R9	pd	1.50	Jun 17 1999 10:27:56
R9	pdKbd	1.51	Jun 17 1999 10:27:57
R9	pdLcd	1.03	Mar 02 1999 20:54:11
R9	pdLcd	1.04	Apr 26 1999 16:55:25
R9	pdTmr	1.05	Mar 02 1999 20:54:15
R9	pdTmr	1.06	Apr 26 1999 16:55:29
R9	pdVib	1.01	Mar 02 1999 21:20:29
R9	pdVib	1.02	Apr 26 1999 16:55:32
R9	sd	1.00.17	Mar 03 1999 15:10:38
R9	sd	1.00.24	Jun 30 1999 03:55:27
R9	sd	2.00.03	Jun 29 1999 06:01:53
R9	syBt	1.04	Mar 01 1999 11:57:40
R9	syBt	1.06	May 26 1999 13:59:55
R9	syBtCfg	1.02	Mar 03 1999 15:44:22
R9	syBtCfg	1.03	Apr 26 1999 14:36:52
R9	syBtFnt	1.02	Mar 02 1999 18:50:17
R9	syBtFnt	1.02	May 31 1999 09:01:19
R9	syCache	1.35	Mar 03 1999 10:47:24
R9	syCache	1.52	Jul 22 1999 18:55:18
R9	syCbl	1.10	Apr 27 1999 13:54:09
R9	syCbl	1.10	Mar 02 1999 18:43:53
R9	syCfg	1.14	Mar 31 1999 22:17:33
R9	syCfg	1.15	Apr 26 1999 14:38:59
R9	syChain	1.35	Mar 03 1999 10:47:40
R9	syChain	1.50	May 31 1999 16:35:21
R9	syDds	1.00	Mar 19 1999 10:45:01
R9	syExtInt	1.01	Jun 16 1999 11:48:21
R9	syFbr	1.11	Mar 01 1999 12:00:19
R9	syFbr	1.13	Jun 11 1999 21:40:19
R9	syG2	1.01.02	Mar 03 1999 14:58:36
R9	syG2	1.01.08	Jul 08 1999 11:40:40
R9	syHw	1.06	Mar 02 1999 20:54:17
R9	syHw	1.07	Apr 26 1999 16:55:31
R9	syInt	1.02	Oct 08 1998 19:31:47
R9	syInt	1.10	Mar 01 1999 12:11:48
R9	syInt	1.35	Mar 03 1999 10:48:18
R9	syInt	1.50	May 31 1999 16:38:10
R9	syMalloc	1.35	Mar 03 1999 10:48:43
R9	syMalloc	1.50	May 31 1999 16:39:06
R9	syMmu	1.35	Mar 03 1999 10:48:57
R9	syMmu	1.50	May 31 1999 16:25:13
R9	syRtc	1.00	Sep 28 1998 05:10:44
R9	syRtc	1.02	Mar 02 1999 19:03:33
R9	syRtc	1.02	May 31 1999 09:05:20
R9	sySq	1.35	Mar 03 1999 10:49:28
R9	sySq	1.50	May 31 1999 16:26:00
R9	sySrtOv	0.50	Jul 11 1999 17:01:34
R9	sySrtOv	0.50	Oct 7 1999 17:17:30
R9	syStart	1.07	Mar 02 1999 18:01:20
R9	syStart	1.13	Jun 01 1999 15:57:47
R9	syStartCpp	1.13	Jun 01 1999 15:58:06
R9	syStartCw	1.13	Jun 01 1999 15:58:21
R9	syTmr	1.03	Mar 01 1999 18:07:27
R9	syTmr	1.04	Apr 26 1999 14:43:51
R9	syWssip	1.01	Mar 02 1999 20:11:42
R9	syWssip	1.04	Jun 28 1999 16:52:13
R9	uf	1.05	Mar 01 1999 12:03:58
R9	uf	1.08	Jul 06 1999 11:22:40
R9	wav	1.11	Jun 01 1999 11:29:17
R10.1	ADXENC	1.00	Jan 28 2000 20:33:34
R10.1	ADXENC	1.00	Mar 07 2000 19:35:24
R10.1	ADXENC	1.00	Sep 02 1999 11:29:45
R10.1	ADXF	5.53	Jun 07 1999 11:44:16
R10.1	ADXF	5.55	Sep 08 1999 21:25:47
R10.1	ADXT	5.58	Jun 10 1999 11:38:47
R10.1	ADXT	5.67	Sep 02 1999 11:29:37
R10.1	ADXT	5.76	Jan 28 2000 20:33:21
R10.1	ADXT	5.78	Mar 07 2000 19:35:16
R10.1	AIP	1.07	Apr 27 1999 14:00:30
R10.1	Audio64	10.0.f.2	May 16 2000 17:18:37
R10.1	CRI DCT	1.17	Jun 07 1999 15:06:02
R10.1	CRI DCT	1.18	Oct 08 1999 18:12:51
R10.1	CRI LSC	1.02	Jan 25 2000 12:19:26
R10.1	CRI SAN	1.08	Jan 26 2000 21:27:29
R10.1	CRI SFD	1.14	Jun 02 1999 20:29:06
R10.1	CRI SFD	1.21	Jul 22 1999 21:21:05
R10.1	CRI SFD	1.31	Nov 26 1999 20:51:41
R10.1	CRI SFH	1.06	Oct 08 1999 19:24:14
R10.1	FSEL	1.03	Oct 12 1999 16:13:48
R10.1	FSEL	2.00K2	Feb 16 2000 17:55:18
R10.1	GDC	0.64a	Aug 20 1998
R10.1	GDFS	1.09	Nov 25 1999
R10.1	KAMUI	1.11.0.0	Jul 26 1999 19:23:10
R10.1	KMUTIL	1.0.0.0	Jul 26 1999 19:23:26
R10.1	MPS	1.21	Jul 22 1999
R10.1	MPS	1.31	Nov 26 1999
R10.1	MPV	1.21	Jul 22 1999
R10.1	MPV	1.31	Nov 26 1999
R10.1	MWGSC	1.31	Mar 09 1999
R10.1	Nindows	01000078	Jul 05 1999 19:57:20
R10.1	Nindows	01000079	Nov 30 1999 12:08:26
R10.1	Ninja	01100105	Nov 01 1999 19:55:02
R10.1	Ninja	01100111	Feb 23 2000 15:29:51
R10.1	SFA	5.58	Jun 10 1999 11:38:50
R10.1	SFA	5.67	Sep 02 1999 11:29:41
R10.1	SFA	5.76	Jan 28 2000 20:33:28
R10.1	SFA	5.78	Mar 07 2000 19:35:20
R10.1	SFD	1.21	Jul 22 1999
R10.1	SFD	1.31	Nov 26 1999
R10.1	SJ	5.50	Jun 10 1999 18:21:01
R10.1	SJ	5.51	Sep 02 1999 11:58:22
R10.1	SJ	5.53	Feb 25 2000 10:11:30
R10.1	Shinobi	1.62	Aug 30 1999 17:32:03
R10.1	Shinobi	1.68	Mar 02 2000 14:42:43
R10.1	bu	1.47	May 25 1999 17:27:29
R10.1	dlsd	01.00	Jun 01 1999 11:27:58
R10.1	fmMng	1.04	Apr 26 1999 14:34:41
R10.1	gdFs	1.08	Apr 26 1999 14:29:58
R10.1	gdFs	1.09	Nov 25 1999 22:59:21
R10.1	iSFH	1.06	Oct 08 1999
R10.1	kb	1.01	Dec 06 1999 14:03:22
R10.1	kd	1.48	Jul 30 1999 14:59:52
R10.1	mdmAPI	3.04	Feb 03 2000 10:04:49
R10.1	misc	1.00	May 28 1999 17:25:51
R10.1	modem	1.0306	Feb 01 2000 17:00:26
R10.1	mpa	1.02	Jun 01 1999 11:24:28
R10.1	mpa	1.04	Oct 06 1999 16:09:57
R10.1	mwAc	1.33	Mar 06 2000 20:49:53
R10.1	mwCpa	1.05	Nov 05 1999 12:48:21
R10.1	mwGsc	1.30	Jun 10 1999 19:20:57
R10.1	mwGsc	1.31	Mar 07 2000 19:22:24
R10.1	mwLib	2.30	Mar 07 2000 21:16:40
R10.1	mwMng	1.30	Jun 10 1999 20:26:03
R10.1	mwMng	2.05	Mar 07 2000 21:16:38
R10.1	mwPla	1.03	Jun 03 1999 18:04:59
R10.1	mwPla	1.07	Oct 08 1999 01:09:51
R10.1	mwPly	1.30	Jun 10 1999 20:26:04
R10.1	mwPly	2.05	Mar 07 2000 21:16:39
R10.1	mwRca	1.03	Oct 12 1999 23:06:53
R10.1	mwRec	1.01	Oct 06 1999 16:27:05
R10.1	mwRna	1.23	Jun 04 1999 20:47:18
R10.1	mwRna	1.26	Aug 25 1999 21:46:53
R10.1	mwRna	1.33	Mar 06 2000 17:12:29
R10.1	mwRna	1.33	Mar 06 2000 20:49:50
R10.1	mwRnv	1.30	Jun 10 1999 18:15:13
R10.1	mwRnv2	2.13	Jan 27 2000 21:22:53
R10.1	mwRnv2	2.13km2	Jan 27 2000 21:22:57
R10.1	mwSb	1.33	Mar 06 2000 20:10:20
R10.1	mwSfd	1.30	Jun 10 1999 20:33:34
R10.1	mwSfd	2.19	Sep 02 1999 11:56:00
R10.1	mwSfd	2.28	Feb 25 2000 10:52:13
R10.1	mwTM	1.01	Jun 11 1999 12:15:02
R10.1	mwTM	1.05	Feb 23 2000 11:09:47
R10.1	ntDns	1.05	Dec 24 1999 16:55:34
R10.1	ntInf	2.00	Mar 31 1999 14:13:50
R10.1	ntInfUS	1.00	Mar 31 2000 10:13:43
R10.1	ntLan	1.05	Dec 24 1999 16:55:39
R10.1	ntMailWave	1.05	Jan 05 2000 18:42:06
R10.1	ntPpp	1.05	Dec 24 1999 16:55:10
R10.1	ntSoc	1.05	Jan 24 2000 14:40:58
R10.1	ntSup	1.05	Jan 13 2000 15:55:00
R10.1	ntTcp	1.05	Jan 19 2000 11:11:25
R10.1	ntUtl	1.01	Mar 15 1999 18:36:07
R10.1	ntWaveMail	1.05	Jan 24 2000 22:41:46
R10.1	ov	1.00	Apr 23 1999 22:13:01
R10.1	pd	1.50	Jul 30 1999 15:01:33
R10.1	pdKbd	1.51	Jul 30 1999 15:01:35
R10.1	pdLcd	1.04	Apr 26 1999 16:55:25
R10.1	pdTmr	1.06	Apr 26 1999 16:55:29
R10.1	pdVib	1.02	Apr 26 1999 16:55:32
R10.1	pdVib	2.01	Feb 15 2000 12:20:25
R10.1	sd	2.01.04	Sep 14 1999 21:44:44
R10.1	sd for DC	2.02.02	Feb 16 2000 19:46:08
R10.1	syBt	1.06	May 26 1999 13:59:55
R10.1	syBtCfg	1.03	Apr 26 1999 14:36:52
R10.1	syBtFnt	1.02	May 31 1999 09:01:19
R10.1	syCache	1.52	Jul 22 1999 18:55:18
R10.1	syCache	2.01	Mar 01 2000 22:08:51
R10.1	syCbl	1.10	Apr 27 1999 13:54:09
R10.1	syCfg	1.15	Apr 26 1999 14:38:59
R10.1	syChain	1.50	May 31 1999 16:35:21
R10.1	syDds	1.00	Mar 19 1999 10:45:01
R10.1	syExtInt	1.01	Jun 16 1999 11:48:21
R10.1	syExtInt	2.00	Dec 24 1999 14:16:00
R10.1	syFbr	1.13	Jun 11 1999 21:40:19
R10.1	syG2	1.01.10	Aug 30 1999 17:03:50
R10.1	syG2	1.01.12	Dec 06 1999 03:26:29
R10.1	syHw	1.07	Apr 26 1999 16:55:31
R10.1	syInt	1.50	May 31 1999 16:38:10
R10.1	syMalloc	1.50	May 31 1999 16:39:06
R10.1	syMalloc	2.01	Apr 27 2000 11:36:06
R10.1	syMmu	1.50	May 31 1999 16:25:13
R10.1	syRtc	1.02	May 31 1999 09:05:20
R10.1	sySq	1.50	May 31 1999 16:26:00
R10.1	syStart	1.15	Jul 21 1999 16:13:58
R10.1	syStart	1.17	Dec 01 1999 12:17:57
R10.1	syTmr	1.04	Apr 26 1999 14:43:51
R10.1	syWssip	1.04	Jun 28 1999 16:52:13
R10.1	syWssip	2.01	Feb 02 2000 14:20:20
R10.1	uf	1.08	Jul 06 1999 11:22:40
R10.1	uf	2.02	Feb 07 2000 19:21:21
R10.1	wav	1.11	Jun 01 1999 11:29:17
R10.1	wav	1.13	Oct 06 1999 16:09:07
R2.00J	ADXENC	1.00	Jul 13 2000 21:27:16
R2.00J	ADXF	5.77	Jun 20 2000 09:59:33
R2.00J	ADXT	5.93	Jul 13 2000 21:27:04
R2.00J	AIP	1.01	Dec 01 1998 14:08:29
R2.00J	AIP	1.03	Jan 21 1999 17:12:59
R2.00J	AIP	1.07	Apr 27 1999 14:00:30
R2.00J	AIPf	1.05	Mar 03 1999 15:52:43
R2.00J	AIPf	1.08	Feb 04 2000 13:54:48
R2.00J	CRI DCAT	1.04	Apr 14 2000 19:21:35
R2.00J	CRI DCAW	1.03	Apr 14 2000 19:22:02
R2.00J	CRI DCT	1.19	Apr 14 2000 19:45:32
R2.00J	CRI LSC	1.10	Jul 12 2000 15:40:17
R2.00J	CRI SAN	1.09	Apr 18 2000 15:00:51
R2.00J	CRI SFD	1.51	Jun 22 2000 19:23:42
R2.00J	CRI SFH	1.07	Apr 14 2000 19:47:19
R2.00J	CasrFl	2.14	Apr 26 2000 12:14:08
R2.00J	FSEL	2.00	Apr 13 2000 19:08:38
R2.00J	GDC	0.64a	Aug 20 1998
R2.00J	GDC	1.10	Mar 31 1999
R2.00J	GDFS	2.03	Sep 05 2000
R2.00J	IPMaker	1.05	Aug 23 2000 17:26:06
R2.00J	KAMUI	1.06	Feb 25 1999 19:11:51
R2.00J	KAMUI	1.09	Jun 08 1999 17:54:25
R2.00J	Local	2.05	Oct 05 1999
R2.00J	MPS	1.51	Jun 22 2000
R2.00J	MPV	0.02	Jan 06 1998
R2.00J	MPV	1.51	Jun 22 2000
R2.00J	MWGSC	1.31	Mar 09 1999
R2.00J	Nindows	01000074	Mar 02 1999 20:53:52
R2.00J	Nindows	01500090	Feb 23 2000 16:32:37
R2.00J	Nindows2	2.08	Apr 27 2000 14:08:13
R2.00J	Nindows2	2.11	Aug 08 2000 18:18:04
R2.00J	Nindows2	2.11	Aug 16 2000 14:11:25
R2.00J	Ninja	00060060	Sep 30 1998 14:46:43
R2.00J	Ninja	01000081	Mar 04 1999 15:07:38
R2.00J	Ninja	01000086	Apr 09 1999 19:34:49
R2.00J	Ninja	01100096	Jun 22 1999 14:18:10
R2.00J	Ninja2	2.01.004	Jul 19 2000 16:58:36
R2.00J	Ninja2	2.01.009	Aug 30 2000 12:33:32
R2.00J	Ninja2	2.01.009	Aug 30 2000 13:47:09
R2.00J	Ninja2	2.01.009	Aug 30 2000 16:19:01
R2.00J	SFA	5.93	Jul 13 2000 21:27:11
R2.00J	SFD	1.51	Jun 22 2000
R2.00J	SFH	1.07	Apr 06 2000
R2.00J	SJ	5.53	Feb 25 2000 10:11:30
R2.00J	Shinobi	1.41	Mar 03 1999 16:59:28
R2.00J	Shinobi	1.42	Apr 02 1999 15:16:40
R2.00J	Shinobi	1.59	Jul 06 1999 11:31:52
R2.00J	Shinobi	1.60	Jul 08 1999 14:24:54
R2.00J	Shinobi	2.09	Apr 13 2000 19:23:37
R2.00J	Shinobi	2.17	Jul 10 2000 11:02:42
R2.00J	Shinobi	2.20	Sep 06 2000 15:31:44
R2.00J	bu	1.07BTR	Sep 26 1998 23:18:12
R2.00J	bu	1.47	May 25 1999 17:27:29
R2.00J	bu	2.11	Aug 24 2000 19:00:01
R2.00J	cvFs	1.03	Jul 06 2000 22:37:41
R2.00J	dlsd	1.50	Apr 12 2000 17:19:41
R2.00J	dlse	1.01	Oct 06 1999 16:14:03
R2.00J	fmMng	1.00	Sep 29 1998 14:42:44
R2.00J	fmMng	1.03	Mar 03 1999 15:43:57
R2.00J	fmMng	1.04	Apr 26 1999 14:34:41
R2.00J	gSFH	1.07	Apr 06 2000
R2.00J	gdCi	1.03	Jul 06 2000 22:37:42
R2.00J	gdFs	1.07	Mar 03 1999 15:41:47
R2.00J	gdFs	1.08	Apr 26 1999 14:29:58
R2.00J	gdFs	2.00	Dec 23 1999 19:20:01
R2.00J	gdFs	2.01	Jun 23 2000 16:16:58
R2.00J	gdFs	2.03	Sep 06 2000 10:49:44
R2.00J	kb	1.01	Dec 06 1999 14:03:22
R2.00J	kd	1.45	Mar 02 1999 20:53:33
R2.00J	kd	1.47	Jun 28 1999 12:05:20
R2.00J	kd	1.48	Jul 08 1999 13:56:26
R2.00J	kd	2.03	Jan 20 2000 18:27:32
R2.00J	manatee.drv	2.50.04	Jul 11 2000
R2.00J	misc	2.00	Dec 24 1999 13:59:11
R2.00J	mpa	1.50	Apr 12 2000 17:16:53
R2.00J	mwCpa	1.09	Mar 29 2000 14:25:41
R2.00J	mwGsc	1.31	Mar 07 2000 19:22:24
R2.00J	mwLib	2.55	Aug 25 2000 22:42:01
R2.00J	mwMng	2.54	Jun 29 2000 11:20:24
R2.00J	mwPla	1.52	Apr 12 2000 17:56:09
R2.00J	mwPly	2.53	Jun 29 2000 11:20:24
R2.00J	mwRca	1.11	Apr 04 2000 16:12:29
R2.00J	mwRec	1.01	Oct 06 1999 16:27:05
R2.00J	mwRna	2.01	Apr 13 2000 18:20:09
R2.00J	mwRnv2	2.55km2	Aug 31 2000 19:41:53
R2.00J	mwSb	2.00	Sep 08 2000 14:12:50
R2.00J	mwSfd	2.56	Aug 31 2000 20:21:33
R2.00J	ov	1.00	Apr 23 1999 22:13:01
R2.00J	pd	1.46	Mar 03 1999 11:01:47
R2.00J	pd	1.50	Jun 17 1999 10:27:56
R2.00J	pd	2.02	Mar 09 2000 13:59:39
R2.00J	pdKbd	2.00	Mar 09 2000 13:59:41
R2.00J	pdLcd	1.03	Mar 02 1999 20:54:11
R2.00J	pdLcd	2.00	Dec 27 1999 11:13:23
R2.00J	pdMouse	2.02	Feb 09 2000 15:12:05
R2.00J	pdMouse2	2.02	Feb 09 2000 15:12:05
R2.00J	pdPnt	2.02	Feb 09 2000 15:12:04
R2.00J	pdTmr	1.05	Mar 02 1999 20:54:15
R2.00J	pdTmr	2.00	Dec 27 1999 11:13:26
R2.00J	pdVib	2.01	Feb 15 2000 12:20:25
R2.00J	s7Hst	1.01	May 23 2000 13:42:16
R2.00J	s7ScsiNG	1.11	May 31 2000 14:55:08
R2.00J	s7Tgt	1.02	May 31 2000 13:40:55
R2.00J	sd	1.00.17	Mar 03 1999 15:10:38
R2.00J	sd2 for DC	2.50.12	Jul 14 2000 17:00:27
R2.00J	sd2 for DC	2.50.13	Sep 08 2000 14:19:32
R2.00J	syBt	1.04	Mar 01 1999 11:57:40
R2.00J	syBt	1.06	May 26 1999 13:59:55
R2.00J	syBt	2.00	Dec 24 1999 13:56:09
R2.00J	syBt	2.01	Jun 22 2000 16:44:34
R2.00J	syBtCfg	1.02	Mar 03 1999 15:44:22
R2.00J	syBtCfg	1.03	Apr 26 1999 14:36:52
R2.00J	syBtFnt	1.02	May 31 1999 09:01:19
R2.00J	syCache	1.35	Mar 03 1999 10:47:24
R2.00J	syCache	1.51	Jun 02 1999 20:39:31
R2.00J	syCache	2.01	Mar 01 2000 22:08:51
R2.00J	syCallback	2.01	Jan 17 2000 17:48:32
R2.00J	syCbl	1.10	Apr 27 1999 13:54:09
R2.00J	syCbl	1.10	Mar 02 1999 18:43:53
R2.00J	syCfg	2.00	Dec 24 1999 13:58:29
R2.00J	syChain	1.35	Mar 03 1999 10:47:40
R2.00J	syChain	1.50	May 31 1999 16:35:21
R2.00J	syChain	2.07	Feb 22 2000 10:26:23
R2.00J	syCom	0.44	Sep 06 2000 13:59:18
R2.00J	syExtChk	2.02	Jun 08 2000 17:18:30
R2.00J	syExtInt	2.00	Dec 24 1999 14:16:00
R2.00J	syFbr	2.00.05	Dec 24 1999 13:55:51
R2.00J	syFs	2.00	Dec 27 1999 11:16:12
R2.00J	syG2	1.01.02	Mar 03 1999 14:58:36
R2.00J	syG2	1.01.06	Jun 29 1999 06:27:08
R2.00J	syG2	1.01.08	Jul 08 1999 11:40:40
R2.00J	syG2	2.01.01	Apr 13 2000 18:32:04
R2.00J	syHw	1.06	Mar 02 1999 20:54:17
R2.00J	syHw	1.07	Apr 26 1999 16:55:31
R2.00J	syHw	2.00	Dec 27 1999 11:13:28
R2.00J	syHw	2.01	Jun 07 2000 16:38:12
R2.00J	syInt	1.02	Oct 08 1998 19:31:47
R2.00J	syInt	1.35	Mar 03 1999 10:48:18
R2.00J	syInt	1.50	May 31 1999 16:38:10
R2.00J	syInt	2.01	Nov 10 1999 16:15:19
R2.00J	syMalloc	1.35	Mar 03 1999 10:48:43
R2.00J	syMalloc	1.50	May 31 1999 16:39:06
R2.00J	syMalloc	2.00	Dec 24 1999 14:22:24
R2.00J	syMalloc	2.01	Apr 27 2000 09:52:59
R2.00J	syMalloc	2.01	Aug 09 2000 17:33:28
R2.00J	syMallocMul	1.00	Aug 15 2000 18:06:26
R2.00J	syMallocMulti	1.00	Aug 15 2000 18:06:26
R2.00J	syMem	2.10	Apr 12 2000 15:00:00
R2.00J	syMmu	1.50	May 31 1999 16:25:13
R2.00J	syMmu	2.00	Oct 29 1999 17:39:14
R2.00J	syMng	1.03	Jun 23 2000 16:37:23
R2.00J	syRtc	1.00	Sep 28 1998 05:10:44
R2.00J	syRtc	1.02	Mar 02 1999 19:03:33
R2.00J	syRtc	1.02	May 31 1999 09:05:20
R2.00J	sySq	1.35	Mar 03 1999 10:49:28
R2.00J	sySq	1.50	May 31 1999 16:26:00
R2.00J	sySq	2.00	Dec 24 1999 14:20:31
R2.00J	syStart	1.07	Mar 02 1999 18:01:20
R2.00J	syStart	1.13	Jul 01 1999 11:49:08
R2.00J	syStart	2.04	Apr 12 2000 16:08:22
R2.00J	syStart	2.06	Jul 21 2000 14:51:06
R2.00J	syStartCw	2.04	Apr 12 2000 16:08:29
R2.00J	syTmr	1.03	Mar 01 1999 18:07:27
R2.00J	syTmr	1.04	Apr 26 1999 14:43:51
R2.00J	syTmr	2.03a	Dec 24 1999 14:00:18
R2.00J	syVideo	2.06	Feb 18 2000 11:08:21
R2.00J	syWssip	2.53	Sep 06 2000 13:57:30
R2.00J	uf	1.08	Jul 06 1999 11:22:40
R2.00J	uf	2.02	Feb 07 2000 19:21:21
R2.00J	wav	1.50	Apr 12 2000 17:14:33
R11b	ADXENC	1.00	Jun 23 2000 11:59:33
R11b	ADXENC	1.00	Sep 02 1999 11:29:45
R11b	ADXF	5.53	Jun 07 1999 11:44:16
R11b	ADXF	5.77	Jun 20 2000 09:59:33
R11b	ADXT	5.58	Jun 10 1999 11:38:47
R11b	ADXT	5.59B	Jun 14 1999 22:27:05
R11b	ADXT	5.67	Sep 02 1999 11:29:37
R11b	ADXT	5.88	Jun 23 2000 11:59:25
R11b	AIP	0.62	Sep 14 1998 16:18:43
R11b	AIP	1.01	Dec 01 1998 14:08:29
R11b	AIP	1.03	Jan 21 1999 17:12:59
R11b	AIP	1.05	Mar 03 1999 14:45:25
R11b	AIP	1.07	Apr 27 1999 14:00:30
R11b	AIPf	1.05	Mar 03 1999 15:52:43
R11b	AIPf	1.08	Feb 04 2000 13:54:48
R11b	Audio64	10.0.f.4	Aug 25 2000 10:20:57
R11b	Audio64	11.0.h.2	Feb 28 2001 21:41:14
R11b	CRI DCT	1.17	Jun 07 1999 15:06:02
R11b	CRI DCT	1.18	Oct 08 1999 18:12:51
R11b	CRI LSC	1.03	Apr 17 2000 19:25:20
R11b	CRI SAN	1.08	Jan 26 2000 21:27:29
R11b	CRI SAN	1.09	Apr 18 2000 15:00:51
R11b	CRI SFD	1.14	Jun 02 1999 20:29:06
R11b	CRI SFD	1.21	Jul 22 1999 21:21:05
R11b	CRI SFD	1.31	Nov 26 1999 20:51:41
R11b	CRI SFH	1.06	Oct 08 1999 19:24:14
R11b	ETD	1.01	Feb 28 2001 21:42:36
R11b	ETD	1.01	Feb 28 2001 21:42:42
R11b	FSEL	1.03	Oct 12 1999 16:13:48
R11b	FSEL	2.00K2	Feb 16 2000 17:55:18
R11b	GDC	0.64a	Aug 20 1998
R11b	GDC	1.10	Mar 31 1999
R11b	GDFS	1.11	Aug 14 2000
R11b	Ginsu	5.25	Sep 20 1999 14:55:34
R11b	IPMaker	1.04	Jul 21 1999 19:30:59
R11b	IspInfo	1.10	Nov 28 2000 09:37:03
R11b	KAMUI	1.06	Feb 25 1999 19:11:51
R11b	KAMUI	1.09	Jun 08 1999 17:54:25
R11b	KAMUI	1.10.0.0	Jul 22 1999 20:36:26
R11b	KAMUI	1.10.0.1	Jul 09 1999 11:27:46
R11b	KAMUI	1.11.0.0	Jul 26 1999 19:23:10
R11b	KMUTIL	1.0.0.0	Jul 26 1999 19:23:26
R11b	MAIGO	1.103	Sep 01 1999 14:00:00
R11b	MPS	1.14	Jun 02 1999
R11b	MPS	1.21	Jul 22 1999
R11b	MPS	1.31	Nov 26 1999
R11b	MPV	1.14	Jun 02 1999
R11b	MPV	1.21	Jul 22 1999
R11b	MPV	1.31	Nov 26 1999
R11b	MWGSC	1.30	Mar 09 1999
R11b	MWGSC	1.31	Mar 09 1999
R11b	NexGenDcLan	1.2	Feb 28 2001 21:42:37
R11b	NexGenDcLan	1.2	Feb 28 2001 21:42:44
R11b	NexGenIP	1.2	Feb 28 2001 21:44:27
R11b	NexGenIP	1.2	Feb 28 2001 21:45:01
R11b	NexGenModem	1.2	Feb 28 2001 21:42:34
R11b	NexGenModem	1.2	Feb 28 2001 21:42:41
R11b	NexGenOS	1.2	Feb 28 2001 21:42:54
R11b	NexGenOS	1.2	Feb 28 2001 21:43:13
R11b	NexGenPPP	1.2	Feb 28 2001 21:43:34
R11b	NexGenPPP	1.2	Feb 28 2001 21:43:46
R11b	NexGenPPPoE	1.2	Feb 28 2001 21:43:50
R11b	NexGenPPPoE	1.2	Feb 28 2001 21:43:54
R11b	NexGenUTILS	1.2	Feb 28 2001 21:45:10
R11b	NexGenUTILS	1.2	Feb 28 2001 21:45:20
R11b	Nindows	01000074	Mar 02 1999 20:53:52
R11b	Nindows	01000078	Jul 05 1999 19:57:20
R11b	Nindows	01000079	Nov 30 1999 12:08:26
R11b	Ninja	00060060	Sep 30 1998 14:46:43
R11b	Ninja	01000081	Mar 04 1999 15:07:38
R11b	Ninja	01000086	Apr 09 1999 19:34:49
R11b	Ninja	01100096	Jun 22 1999 14:18:10
R11b	Ninja	01100100	Jul 28 1999 12:47:36
R11b	Ninja	01100103	Aug 20 1999 17:40:18
R11b	Ninja	01100105	Nov 01 1999 19:55:02
R11b	Ninja	01100114	Jul 03 2000 18:12:08
R11b	SFA	5.58	Jun 10 1999 11:38:50
R11b	SFA	5.59B	Jun 14 1999 22:27:09
R11b	SFA	5.67	Sep 02 1999 11:29:41
R11b	SFA	5.88	Jun 23 2000 11:59:29
R11b	SFD	1.14	Jun 02 1999
R11b	SFD	1.21	Jul 22 1999
R11b	SFD	1.31	Nov 26 1999
R11b	SFH	1.06	Oct 08 1999
R11b	SJ	5.50	Jun 10 1999 18:21:01
R11b	SJ	5.51	Sep 02 1999 11:58:22
R11b	SJ	5.53	Feb 25 2000 10:11:30
R11b	Shinobi	1.41	Mar 03 1999 16:59:28
R11b	Shinobi	1.42	Apr 02 1999 15:16:40
R11b	Shinobi	1.43	Jul 23 1999 16:13:51
R11b	Shinobi	1.61	Jul 23 1999 14:38:41
R11b	Shinobi	1.62	Aug 30 1999 17:32:03
R11b	Shinobi	1.65	Dec 07 1999 10:48:27
R11b	Shinobi	1.68	Mar 02 2000 14:42:43
R11b	Shinobi	1.73	Feb 28 2001 21:41:00
R11b	Shinobi	1.73	Nov 01 2000 17:43:50
R11b	Shinobi	1.73	Nov 05 2000 21:38:44
R11b	Transport	1.00	Feb 28 2001 22:00:11
R11b	bu	1.07BTR	Sep 26 1998 23:18:12
R11b	bu	1.44	Mar 02 1999 20:54:01
R11b	bu	1.47	May 25 1999 17:27:29
R11b	bu	1.47DP	Aug 03 1999 14:20:40
R11b	bu	1.51	Feb 28 2001 21:39:54
R11b	cvFs	1.02	Apr 12 2000 20:52:34
R11b	dlsd	01.00	Jun 01 1999 11:27:58
R11b	fmMng	1.00	Sep 29 1998 14:42:44
R11b	fmMng	1.03	Mar 03 1999 15:43:57
R11b	fmMng	1.04	Apr 26 1999 14:34:41
R11b	fmMng	1.04	Feb 28 2001 21:40:04
R11b	gdCi	1.02	Apr 12 2000 20:52:35
R11b	gdFs	1.07	Mar 03 1999 15:41:47
R11b	gdFs	1.08	Apr 26 1999 14:29:58
R11b	gdFs	1.09	Nov 25 1999 22:59:21
R11b	gdFs	1.11	Feb 28 2001 21:40:07
R11b	gdFs	1.11	Nov 01 2000 17:42:56
R11b	gdFs	1.11	Nov 05 2000 21:37:49
R11b	iSFH	1.06	Oct 08 1999
R11b	kb	1.01	Feb 28 2001 21:39:45
R11b	kd	1.45	Mar 02 1999 20:53:33
R11b	kd	1.48	Feb 28 2001 21:39:47
R11b	kd	1.48	Jul 08 1999 13:56:26
R11b	kd	1.48	Jul 30 1999 14:59:52
R11b	kd	1.48	Nov 01 2000 17:42:36
R11b	kd	1.48	Nov 05 2000 21:37:29
R11b	mdmAPI	3.00	Oct 15 1999 12:23:02
R11b	mdmAPI	3.04	Feb 03 2000 10:04:49
R11b	misc	1.00	Feb 28 2001 21:40:55
R11b	misc	1.00	May 28 1999 17:25:51
R11b	modem	1.013	May 21 1999 11:51:58
R11b	modem	1.013	Sep 01 1999 10:11:27
R11b	modem	1.0311	Oct 03 2000 02:35:49
R11b	mpa	1.02	Jun 01 1999 11:24:28
R11b	mpa	1.04	Oct 06 1999 16:09:57
R11b	mwAc	1.33	Mar 06 2000 20:49:53
R11b	mwCpa	1.05	Nov 05 1999 12:48:21
R11b	mwGsc	1.30	Jun 10 1999 19:20:57
R11b	mwGsc	1.31	Mar 07 2000 19:22:24
R11b	mwLib	2.41	May 30 2000 12:04:32
R11b	mwMng	1.30	Jun 10 1999 20:26:03
R11b	mwMng	2.05	May 30 2000 12:04:31
R11b	mwPla	1.03	Jun 03 1999 18:04:59
R11b	mwPla	1.07	Oct 08 1999 01:09:51
R11b	mwPly	1.30	Jun 10 1999 20:26:04
R11b	mwPly	2.05	May 30 2000 12:04:31
R11b	mwRca	1.03	Oct 12 1999 23:06:53
R11b	mwRec	1.01	Oct 06 1999 16:27:05
R11b	mwRna	1.23	Jun 04 1999 20:47:18
R11b	mwRna	1.26	Aug 25 1999 21:46:53
R11b	mwRna	1.33	Mar 06 2000 17:12:29
R11b	mwRna	1.33	Mar 06 2000 20:49:50
R11b	mwRnv	1.30	Jun 10 1999 18:15:13
R11b	mwRnv2	2.41	May 30 2000 21:02:32
R11b	mwRnv2	2.41km2	May 30 2000 21:02:36
R11b	mwSb	1.33	Mar 06 2000 20:10:20
R11b	mwSfd	1.30	Jun 10 1999 20:33:34
R11b	mwSfd	2.19	Sep 02 1999 11:56:00
R11b	mwSfd	2.28	Feb 25 2000 10:52:13
R11b	mwTM	1.01	Jun 11 1999 12:15:02
R11b	mwTM	1.05	Feb 23 2000 11:09:47
R11b	ntInf	1.00	Feb 12 1999 10:48:17
R11b	ntInf	5.00	Jan 25 2001 17:15:56
R11b	ntInfSet	5.00	Dec 13 2000 16:20:47
R11b	ntIniMdm	1.03	Jan 25 2001 17:16:01
R11b	ntLD	1.04	Jan 25 2001 17:16:02
R11b	ntMailWave	1.05	Jan 05 2000 18:42:06
R11b	ntSup	1.05	Jan 13 2000 15:55:00
R11b	ntUtl	3.00	Jan 25 2001 17:16:00
R11b	ntWaveMail	1.05	Jan 24 2000 22:41:46
R11b	ov	1.00	Apr 23 1999 22:13:01
R11b	ov	1.00	Feb 28 2001 21:40:43
R11b	ov	1.00	Nov 01 2000 17:43:32
R11b	ov	1.00	Nov 05 2000 21:38:26
R11b	pd	1.46	Mar 03 1999 11:01:47
R11b	pd	1.50	Feb 28 2001 21:40:14
R11b	pd	1.50	Jul 30 1999 15:01:33
R11b	pd	1.50	Jun 17 1999 10:27:56
R11b	pd	1.50	Nov 01 2000 17:43:03
R11b	pd	1.50	Nov 05 2000 21:37:56
R11b	pdKbd	1.51	Feb 28 2001 21:40:15
R11b	pdKbd	1.51	Jul 30 1999 15:01:35
R11b	pdKbd	1.51	Jun 17 1999 10:27:57
R11b	pdLcd	1.03	Mar 02 1999 20:54:11
R11b	pdLcd	1.04	Apr 26 1999 16:55:25
R11b	pdLcd	1.04	Feb 28 2001 21:40:11
R11b	pdMouse	2.01	Feb 03 2000 19:54:05
R11b	pdMouse	2.02	Feb 28 2001 21:40:58
R11b	pdMouse2	2.02	Feb 28 2001 21:40:58
R11b	pdPnt	2.01	Feb 03 2000 19:54:04
R11b	pdPnt	2.02	Feb 28 2001 21:40:57
R11b	pdTmr	1.05	Mar 02 1999 20:54:15
R11b	pdTmr	1.06	Apr 26 1999 16:55:29
R11b	pdTmr	1.06	Feb 28 2001 21:40:17
R11b	pdVib	1.02	Apr 26 1999 16:55:32
R11b	pdVib	2.01	Feb 28 2001 21:40:18
R11b	sd	1.00.17	Mar 03 1999 15:10:38
R11b	sd	1.00.18	Apr 05 1999 19:59:31
R11b	sd	1.00.24	Jun 30 1999 03:55:27
R11b	sd	2.00.03	Jun 29 1999 06:01:53
R11b	sd	2.01.04	Sep 14 1999 21:44:44
R11b	sd for DC	2.02.08	Jul 05 2000 06:50:22
R11b	syBt	1.04	Mar 01 1999 11:57:40
R11b	syBt	1.06	May 26 1999 13:59:55
R11b	syBt	1.07	Feb 28 2001 21:40:20
R11b	syBt	1.07	Nov 01 2000 17:43:09
R11b	syBt	1.07	Nov 05 2000 21:38:03
R11b	syBtCfg	1.02	Mar 03 1999 15:44:22
R11b	syBtCfg	1.03	Apr 26 1999 14:36:52
R11b	syBtCfg	1.03	Feb 28 2001 21:40:01
R11b	syBtFnt	0.70	Feb 18 2000 04:06:17
R11b	syBtFnt	0.70	Sep 27 1999 23:29:24
R11b	syBtFnt	1.02	Feb 28 2001 21:39:52
R11b	syBtFnt	1.02	Mar 02 1999 18:50:17
R11b	syBtFnt	1.02	May 31 1999 09:01:19
R11b	syCache	1.35	Mar 03 1999 10:47:24
R11b	syCache	1.52	Jul 22 1999 18:55:18
R11b	syCache	2.01	Feb 28 2001 21:40:00
R11b	syCache	2.01	Mar 01 2000 22:08:51
R11b	syCache	2.01	Nov 01 2000 17:42:49
R11b	syCache	2.01	Nov 05 2000 21:37:42
R11b	syCbl	1.10	Apr 27 1999 13:54:09
R11b	syCbl	1.10	Feb 28 2001 21:40:22
R11b	syCbl	1.10	Mar 02 1999 18:43:53
R11b	syCbl	1.10	Nov 01 2000 17:43:11
R11b	syCbl	1.10	Nov 05 2000 21:38:05
R11b	syCfg	1.15	Apr 26 1999 14:38:59
R11b	syCfg	1.15	Feb 28 2001 21:40:23
R11b	syChain	1.35	Mar 03 1999 10:47:40
R11b	syChain	1.50	Feb 28 2001 21:40:02
R11b	syChain	1.50	May 31 1999 16:35:21
R11b	syChain	1.50	Nov 01 2000 17:42:51
R11b	syChain	1.50	Nov 05 2000 21:37:44
R11b	syCom	0.42	Mar 03 1999 12:00:12
R11b	syDds	1.00	Mar 19 1999 10:45:01
R11b	syDds	1.01	Apr 20 1999 23:43:23
R11b	syDds	1.10	Dec 09 1999 04:58:28
R11b	syExtChk	2.02	Feb 28 2001 21:40:59
R11b	syExtChk	2.02	Nov 01 2000 17:43:49
R11b	syExtChk	2.02	Nov 05 2000 21:38:43
R11b	syExtInt	1.01	Jun 16 1999 11:48:21
R11b	syExtInt	2.00	Feb 28 2001 21:40:56
R11b	syFbr	1.13	Feb 28 2001 21:40:03
R11b	syFbr	1.13	Jun 11 1999 21:40:19
R11b	syG2	1.01.02	Mar 03 1999 14:58:36
R11b	syG2	1.01.08	Jul 08 1999 11:40:40
R11b	syG2	1.01.10	Aug 30 1999 17:03:50
R11b	syG2	1.01.12	Dec 06 1999 03:26:29
R11b	syG2	1.02.00	Feb 28 2001 21:40:41
R11b	syG2	1.02.00	Nov 01 2000 17:43:30
R11b	syG2	1.02.00	Nov 05 2000 21:38:24
R11b	syHw	1.06	Mar 02 1999 20:54:17
R11b	syHw	1.07	Apr 26 1999 16:55:31
R11b	syHw	1.08	Feb 28 2001 21:40:25
R11b	syHw	1.08	Nov 01 2000 17:43:14
R11b	syHw	1.08	Nov 05 2000 21:38:08
R11b	syInt	1.02	Oct 08 1998 19:31:47
R11b	syInt	1.35	Mar 03 1999 10:48:18
R11b	syInt	1.50	Feb 28 2001 21:40:10
R11b	syInt	1.50	May 31 1999 16:38:10
R11b	syInt	1.50	Nov 01 2000 17:42:59
R11b	syInt	1.50	Nov 05 2000 21:37:52
R11b	syMalloc	1.35	Mar 03 1999 10:48:43
R11b	syMalloc	1.50	May 31 1999 16:39:06
R11b	syMalloc	2.01	Apr 27 2000 11:36:06
R11b	syMalloc	2.01	Feb 28 2001 21:40:13
R11b	syMalloc	2.01	Nov 01 2000 17:43:02
R11b	syMalloc	2.01	Nov 05 2000 21:37:55
R11b	syMmu	1.50	Feb 28 2001 21:40:13
R11b	syMmu	1.50	May 31 1999 16:25:13
R11b	syMmu	1.50	Nov 01 2000 17:43:02
R11b	syMmu	1.50	Nov 05 2000 21:37:56
R11b	syRtc	1.00	Sep 28 1998 05:10:44
R11b	syRtc	1.02	Feb 28 2001 21:40:27
R11b	syRtc	1.02	Mar 02 1999 19:03:33
R11b	syRtc	1.02	May 31 1999 09:05:20
R11b	syRtc	1.02	Nov 01 2000 17:43:16
R11b	syRtc	1.02	Nov 05 2000 21:38:09
R11b	sySq	1.35	Mar 03 1999 10:49:28
R11b	sySq	1.50	Feb 28 2001 21:40:20
R11b	sySq	1.50	May 31 1999 16:26:00
R11b	sySq	1.50	Nov 01 2000 17:43:09
R11b	sySq	1.50	Nov 05 2000 21:38:02
R11b	syStart	1.07	Mar 02 1999 18:01:20
R11b	syStart	1.13	Jun 01 1999 15:57:47
R11b	syStart	1.15	Jul 21 1999 16:13:58
R11b	syStart	1.17	Aug 08 2000 12:33:20
R11b	syStart	1.17	Dec 01 1999 12:17:57
R11b	syStartCw	1.15	Jul 21 1999 16:14:17
R11b	syStartCw	1.17	Dec 01 1999 12:18:00
R11b	syTmr	1.03	Mar 01 1999 18:07:27
R11b	syTmr	1.04	Apr 26 1999 14:43:51
R11b	syTmr	1.04	Feb 28 2001 21:40:28
R11b	syTmr	1.04	Nov 01 2000 17:43:17
R11b	syTmr	1.04	Nov 05 2000 21:38:11
R11b	syWssip	1.04	Jun 28 1999 16:52:13
R11b	syWssip	2.52	Feb 28 2001 21:40:51
R11b	uf	1.08	Jul 06 1999 11:22:40
R11b	uf	2.02	Feb 28 2001 21:40:47
R11b	wav	1.11	Jun 01 1999 11:29:17
R11b	wav	1.13	Oct 06 1999 16:09:07
